Timestamp,UserID,Action,Details
2162-11-13 20:18:44,1,LOGIN,"User logged in"
2162-11-13 20:26:26,1,STOCK_DECREASE,"SKU=SKU-1001 old=42 new=41 reason=Completed sale"
2162-11-13 20:26:26,1,SALE_CREATED,"ORD-1"
2162-11-13 20:27:47,1,STOCK_DECREASE,"SKU=SKU-1001 old=41 new=31 reason=Completed sale"
2162-11-13 20:27:47,1,SALE_CREATED,"ORD-2"
2162-11-13 20:29:08,1,LOGIN,"User logged in"
2162-11-13 20:30:07,1,PURCHASE_ORDER_CREATED,"PO-1"
2162-11-13 20:30:12,1,PURCHASE_ORDER_CREATED,"PO-2"
2162-11-13 20:30:20,1,PURCHASE_ORDER_CREATED,"PO-3"
2162-11-13 20:30:21,1,STOCK_INCREASE,"SKU=SKU-1001 old=31 new=32 reason=Goods received"
2162-11-13 20:30:21,1,PURCHASE_RECEIVED,"PO-1"
2162-11-13 20:30:22,1,STOCK_INCREASE,"SKU=SKU-1001 old=32 new=33 reason=Goods received"
2162-11-13 20:30:22,1,PURCHASE_RECEIVED,"PO-2"
2162-11-13 20:30:22,1,STOCK_INCREASE,"SKU=SKU-1001 old=33 new=133 reason=Goods received"
2162-11-13 20:30:22,1,PURCHASE_RECEIVED,"PO-3"
2298-12-21 02:59:14,2,LOGIN,"User logged in"
2298-12-21 02:59:26,2,STOCK_DECREASE,"SKU=SKU-1001 old=133 new=121 reason=Completed sale"
2298-12-21 02:59:26,2,SALE_CREATED,"ORD-3"
2298-12-21 02:59:29,2,STOCK_INCREASE,"SKU=SKU-1001 old=121 new=122 reason=Accepted return"
2298-12-21 02:59:29,2,SALE_RETURN,"ORD-1"
2162-11-13 20:32:10,1,LOGIN,"User logged in"
